-- MySQL dump 10.13  Distrib 8.0.45, for Win64 (x86_64)
--
-- Host: localhost    Database: sistema_academico_sesi
-- ------------------------------------------------------
-- Server version	8.0.45

/*!40101 SET @OLD_CHARACTER_SET_CLIENT=@@CHARACTER_SET_CLIENT */;
/*!40101 SET @OLD_CHARACTER_SET_RESULTS=@@CHARACTER_SET_RESULTS */;
/*!40101 SET @OLD_COLLATION_CONNECTION=@@COLLATION_CONNECTION */;
/*!50503 SET NAMES utf8 */;
/*!40103 SET @OLD_TIME_ZONE=@@TIME_ZONE */;
/*!40103 SET TIME_ZONE='+00:00' */;
/*!40014 SET @OLD_UNIQUE_CHECKS=@@UNIQUE_CHECKS, UNIQUE_CHECKS=0 */;
/*!40014 SET @OLD_FOREIGN_KEY_CHECKS=@@FOREIGN_KEY_CHECKS, FOREIGN_KEY_CHECKS=0 */;
/*!40101 SET @OLD_SQL_MODE=@@SQL_MODE, SQL_MODE='NO_AUTO_VALUE_ON_ZERO' */;
/*!40111 SET @OLD_SQL_NOTES=@@SQL_NOTES, SQL_NOTES=0 */;

--
-- Table structure for table `alunos`
--

DROP TABLE IF EXISTS `alunos`;
/*!40101 SET @saved_cs_client     = @@character_set_client */;
/*!50503 SET character_set_client = utf8mb4 */;
CREATE TABLE `alunos` (
  `id` int NOT NULL AUTO_INCREMENT,
  `matricula` varchar(30) DEFAULT NULL,
  `nome` varchar(200) NOT NULL,
  `turma_id` int NOT NULL,
  PRIMARY KEY (`id`),
  KEY `turma_id` (`turma_id`),
  CONSTRAINT `alunos_ibfk_1` FOREIGN KEY (`turma_id`) REFERENCES `turmas` (`id`)
) ENGINE=InnoDB AUTO_INCREMENT=452 DEFAULT CHARSET=utf8mb4 COLLATE=utf8mb4_0900_ai_ci;
/*!40101 SET character_set_client = @saved_cs_client */;

--
-- Dumping data for table `alunos`
--

LOCK TABLES `alunos` WRITE;
/*!40000 ALTER TABLE `alunos` DISABLE KEYS */;
INSERT INTO `alunos` VALUES (7,'20260001','ADÁCIA SOFIA TESTE',3),(8,'20260002','BERNARDO MOREIRA LIRA FERREIRA',3),(9,'20260003','DIEGO MIGUEL AMORIM DOS SANTOS',3),(10,'20260004','EDGAR PONTES MARINHO',3),(11,'20260005','ENZO GABRIEL COSTA JACINTO',3),(12,'20260006','ESTHER MANUELLY SILVA DE SANTANA',3),(13,'20260007','GIOVANNA CAROLINE DURVAL DA SILVA',3),(14,'20260008','JOÃO MIGUEL DO NASCIMENTO SILVA',3),(15,'20260009','JOSÉ ALLAN DA SILVA SALGADO',3),(16,'20260010','LARA BEATRIZ SILVA DOS ANJOS',3),(17,'20260011','LAURA FRANSSINETTI SANTOS DOS ANJOS',3),(18,'20260012','LEVI FERNANDO AZEVEDO DE ASSIS',3),(19,'20260013','MARIA ALICIA CAMPOS SALGADO',3),(20,'20260014','MARIA LUIZA AGUIAR DE LIMA',3),(21,'20260015','MARIA LUIZA OLIVEIRA DA SILVA',3),(22,'20260016','MAYARA VITÓRIA DE LIMA',3),(23,'20260017','PEDRO PAULO ALCANTARA DA SILVA NETO',3),(24,'20260018','SOFIA RAYANE CANDIDO COSTA',3),(25,'20260019','JOSÉ PEDRO',3),(26,'20260020','ALVARO YTHALO CABRAL DOS ANJOS',4),(27,'20260021','AMANDA HELOISE GOMES DE LIMA',4),(28,'20260022','ANA JÚLIA VIANA DE SENA',4),(29,'20260023','ANA LAURA DA SILVA LINS',4),(30,'20260024','ANA LORENA RODRIGUES COUTINHO',4),(31,'20260025','ANA LÚCIA SANTOS DE LIMA',4),(32,'20260026','ANA VITÓRIA VIANA DE SENA',4),(33,'20260027','ANNA LAURA BRITO CONEGUNDES',4),(34,'20260028','ANTHONY BRAYAN FERREIRA DOS SANTOS',4),(35,'20260029','ANTHONY CESAR VITORINO DOS SANTOS',4),(36,'20260030','ARTHUR LEITE MARQUES BORGES',4),(37,'20260031','BIANCA LUNA BEZERRA DE LIMA',4),(38,'20260032','CLARA LIMA FERREIRA DE MIRANDA',4),(39,'20260033','DANIELLY VITÓRIA LIMA DE MOURA',4),(40,'20260034','DAVI BERNARDO RODRIGUES LEITE',4),(41,'20260035','DAVI LUCAS GONÇALVES DA ROCHA',4),(42,'20260036','GABRIEL MATIAS DE LIRA BEZERRA',4),(43,'20260037','JOÃO ENZO PONTES ALVES',4),(44,'20260038','JOÃO MIGUEL FERREIRA RODRIGUES',4),(45,'20260039','KAUANY LAÍS DA SILVA',4),(46,'20260040','LARISSA RAFAELE PINTO BARROS',4),(47,'20260041','LARYSSA MANUELLA DA SILVA',4),(48,'20260042','LAYS VITORIA DOS SANTOS SANTANA',4),(49,'20260043','LUCAS GABRIEL LIMA DO NASCIMENTO',4),(50,'20260044','MARIA LAURA CODECEIRA SALUSTIANO',4),(51,'20260045','MATHEUS OTÁVIO BEZERRA DA SILVA',4),(52,'20260046','MELISSA CRISTINA FERREIRA C. DA SILVA',4),(53,'20260047','MIKAELLY VITÓRIA DA SILVA',4),(54,'20260048','PEDRO GUILHERME PEREIRA DA SILVA',4),(55,'20260049','RAYANNE VITÓRIA HONORIO FERREIRA',4),(56,'20260050','THOMAZ JEFFERSON SANTOS DA SILVA',4),(57,'20260051','ANA JÚLIA BARBOSA DA SILVA HONORIO',5),(58,'20260052','CALEBE DOS SANTOS SILVA',5),(59,'20260053','DAVI LUCAS LINS DE LIMA',5),(60,'20260054','DAVI RODRIGUES DA SILVA',5),(61,'20260055','EMANOELY MARIA LIMA DA SILVA',5),(62,'20260056','HEITOR RAVIER BEZERRA DA SILVA',5),(63,'20260057','HELOISA LAILA DE OLIVEIRA',5),(64,'20260058','JÚLIA DE ALBUQUERQUE SILVA',5),(65,'20260059','JULIO CESAR DOS SANTOS AZEVEDO',5),(66,'20260060','MARIA CLARA ALVES DA SILVA',5),(67,'20260061','MARLON RODRIGUES DA SILVA LIRA',5),(68,'20260062','MAURICIO LUCAS RAMOS DE OLIVEIRA',5),(69,'20260063','MELYSSA KARLA PEREIRA DA SILVA',5),(70,'20260064','RUAN PEDRO LESSA DA SILVA',5),(71,'20260065','ZARA DE LIMA SENA LOPES',5),(72,'20260066','ÁLAMO RHUAN DO NASCIMENTO',6),(73,'20260067','ARTHUR DE OLIVEIRA SOARES',6),(74,'20260068','EDUARDO GABRIEL ESTEVÃO QUEIROZ',6),(75,'20260069','EMANUELLY MARIA SERPA DE LIMA',6),(76,'20260070','ERICK GUILHERME RODRIGUES DOS SANTOS',6),(77,'20260071','JOAO HEITOR BARRETO DA SILVA',6),(78,'20260072','JOÃO PEDRO CABRAL DA SILVA',6),(79,'20260073','JOAQUIM BATISTA SOUSA DO NASCIMENTO',6),(80,'20260074','JOAQUIM MIGUEL DA SILVA MONTEIRO',6),(81,'20260075','JOSÉ ANDERÇO LEMOS NETO',6),(82,'20260076','JOSE FERNANDO FERRAZ BARRETO NETO',6),(83,'20260077','JOSE OLIMPIO GOMES NETTO',6),(84,'20260078','LARA BEATRIZ LIRA MEDEIROS',6),(85,'20260079','LEONARDO JOSÉ OLIVEIRA DE ALMEIDA FILHO',6),(86,'20260080','LUAN RODRIGUES COUTINHO DE LIMA',6),(87,'20260081','LUIZ GUILHERME DA SILVA CARNEIRO',6),(88,'20260082','MARCELA MARIA SOARES DO NASCIMENTO',6),(89,'20260083','MARIA CECILIA ARRUDA DE MELO',6),(90,'20260084','MARIA HELOISA DE MELO VASCONCELOS',6),(91,'20260085','MARIANA BEATRIZ DE OLIVEIRA OLIMPIO',6),(92,'20260086','MIGUEL DE LIMA SOUZA',6),(93,'20260087','PEDRO PAULO ROQUE FRAGOSO DE BARROS',6),(94,'20260088','RUAN HENRY SILVA DE ALMEIDA',6),(95,'20260089','SAMUEL RODRIGUES PEDROSO',6),(96,'20260090','THOMÁS VITOR LEITE DO NASCIMENTO',6),(97,'20260091','YALLI PRISCILA SANTOS DA SILVA',6),(98,'20260092','YURI OTAVIO LINS DA SILVA',6),(99,'20260093','ALLAN FELIPE DA SILVA FERREIRA',7),(100,'20260094','ARISTIDES RIBEIRO DE SOUZA NETO',7),(101,'20260095','CECILIA MARIA DE OLIVEIRA LIMA',7),(102,'20260096','EMANUELLY VITÓRIA DA SILVA SANTOS',7),(103,'20260097','FERNANDO RYAN CHAVES CAVALCANTI',7),(104,'20260098','ICARO BERTONI DA SILVA RIBEIRO FILHO',7),(105,'20260099','IGOR DANIEL SILVA DE OLIVEIRA',7),(106,'20260100','ISABELA SANTOS DO NASCIMENTO',7),(107,'20260101','JÂNIO VIEIRA DOS SANTOS',7),(108,'20260102','LUIZ MIGUEL DE ASSIS LIMA',7),(109,'20260103','MARIA JULIA GOMES ALVES',7),(110,'20260104','PEDRO SALES SOUSA',7),(111,'20260105','SAULO FERNANDES DE OLIVEIRA TORQUATO',7),(112,'20260106','ANA LUIZA DE OLIVEIRA BARBOSA',8),(113,'20260107','ANA PEROLA PAIXAO DOS SANTOS',8),(114,'20260108','BRENO THOMAS LINS TORRES',8),(115,'20260109','CLARA ISABELY MELO DE CARVALHO',8),(116,'20260110','CLEIDSON RICARDO DA SILVA',8),(117,'20260111','DAVI FERNANDO ALEXANDRE LINS',8),(118,'20260112','DERIC WASHIGTON DA SILVA',8),(119,'20260113','FABIANO CICERO LIMA DOS SANTOS JUNIOR',8),(120,'20260114','FABIO AUGUSTINHO ALVES DA SILVA FILHO',8),(121,'20260115','FERNANDO CABRAL FERREIRA MENDES DA SILVA',8),(122,'20260116','GILSON FERREIRA PONTES NETO',8),(123,'20260117','ISADORA YASMIM DE BARROS LEAO',8),(124,'20260118','JOÃO BATISTA DE LIMA NETO',8),(125,'20260119','JOAO VICTOR ROSENDO DE ALMEIDA',8),(126,'20260120','JOSÉ ARTHUR GUILHERME DOS SANTOS',8),(127,'20260121','JULLYA VITORIA DA SILVA DUDA',8),(128,'20260122','LAZARO CARLOS DE OLIVEIRA AROUXA SILVA',8),(129,'20260123','LORENA VITÓRIA BARBOSA RODRIGUES',8),(130,'20260124','LUCAS FELIPE DO NASCIMENTO SILVA',8),(131,'20260125','LUCAS GABRIEL SILVA DE FRANÇA',8),(132,'20260126','LUNA VALENTINA OLIVEIRA DA SILVA',8),(133,'20260127','MARIA ALICE DE OLIVEIRA MENDONÇA',8),(134,'20260128','MARIA EDUARDA SALVINO ALVES',8),(135,'20260129','MARIA SOPHIA BEZERRA DA SILVA',8),(136,'20260130','MARIA VALENTINA SERPA PEREIRA',8),(137,'20260131','MARIANA LAURA LOPES ABREU',8),(138,'20260132','OTÁVIO MIGUEL DA SILVA',8),(139,'20260133','PEDRO CAVALCANTE DO NASCIMENTO BISNETO',8),(140,'20260134','RHILLARE KARINE ALBUQUERQUE SILVA',8),(141,'20260135','RYAN GUSTAVO GOMES DOS SANTOS',8),(142,'20260136','STELA SPÓSITO DE ASSIS',8),(143,'20260137','MARCELA SOFIA DE OLIVEIRA LIMA',8),(144,'20260138','AMANDA SOPHIA DA SILVA ROCHA',9),(145,'20260139','ANA JULIA DA SILVA LEAL',9),(146,'20260140','BRENDA BIANCA NOGUEIRA DA CRUZ',9),(147,'20260141','BRENDHA NAYARA BARROS DA SILVA',9),(148,'20260142','CARLOS EDUARDO DA SILVA',9),(149,'20260143','CICERO SANTOS DA SILVA JUNIOR',9),(150,'20260144','DAVI FELIPE SANTOS LOPES',9),(151,'20260145','DAVI LUCAS SANTOS CARDOSO',9),(152,'20260146','DHEREK MIGUEL GOMES DE ARAUJO',9),(153,'20260147','EMANUELLY OLIVEIRA DOS SANTOS',9),(154,'20260148','EVELLYN BEATRIZ SALGADO DA SILVA',9),(155,'20260149','FÁBIO MENDES DA SILVA FILHO',9),(156,'20260150','HEITOR GABRIEL DE OLIVEIRA CUMARU',9),(157,'20260151','HIGOR GABRIEL DE MOURA LINS',9),(158,'20260152','ISABELLA BEATRIZ SILVEIRA FLOR DA SILVA',9),(159,'20260153','JOÃO BERNARDO FONSECA DOS SANTOS',9),(160,'20260154','JOAO LUCAS DE ANDRADE SOUZA',9),(161,'20260155','JOÃO MARCELO BARBOSA DA SILVA HONORIO',9),(162,'20260156','JOÃO VICTOR DE ANDRADE SILVA',9),(163,'20260157','JOBSON CARVALHO DA SILVA FILHO',9),(164,'20260158','JONAS RAFAEL PEREIRA DA SILVA',9),(165,'20260159','LARA QUEIROZ DE SOUZA',9),(166,'20260160','LEONARDO CORREIA DA SILVA FILHO',9),(167,'20260161','MARIA CECILIA RAMALHO DE QUEIROZ',9),(168,'20260162','MARIA KATHYLLY ALVES DA SILVA',9),(169,'20260163','MARIA KETHYLLY ALVES DA SILVA',9),(170,'20260164','MIGUEL VITOR GOMES DA PAIXAO',9),(171,'20260165','PEDRO OTÁVIO BEZERRA DA FONSECA LINS',9),(172,'20260166','RENNAN KENNEDY DIAS DOS SANTOS',9),(173,'20260167','RYAN MELO SILVA DO NASCIMENTO',9),(174,'20260168','SÁVIO FELIPE DE OLIVEIRA TORQUATO',9),(175,'20260169','ANTENOR VINICIUS OLIVEIRA DA SILVA',10),(176,'20260170','CAUÃ DIEGO ROCHA ALBUQUERQUE',10),(177,'20260171','DIEGO JOSUÉ FERREIRA GALVÃO FILHO',10),(178,'20260172','EMANUELLY SAMARA ARAUJO DA SILVA',10),(179,'20260173','EMILLY FERNANDA DO MONTE SILVA',10),(180,'20260174','ERNANES RAMALHO DE QUEIROZ FILHO',10),(181,'20260175','ESTER KETILLEN DE MORAES NASCIMENTO',10),(182,'20260176','GABRIEL LUIS DUTRA SILVA DE BRITO',10),(183,'20260177','GABRIELLA DE LIRA BARBOSA',10),(184,'20260178','HERMANO DIONISIO BROL DOS SANTOS',10),(185,'20260179','HEYTOR ITALO VAZ DA SILVA',10),(186,'20260180','JOAO GUILHERME DA SILVA FRAGOSO',10),(187,'20260181','JOÃO MIGUEL BUARQUE DE FREITAS',10),(188,'20260182','JOÃO PEDRO BARRETO VASCONCELOS',10),(189,'20260183','JOÃO VINICIUS DE LIMA DAMÁSIO',10),(190,'20260184','JOSE KAIO MACIEL OLIVEIRA',10),(191,'20260185','JOSE SILVEIRA DE LIMA NETO',10),(192,'20260186','LUCAS ARAUJO SANTOS DA PAZ',10),(193,'20260187','LUCAS RUAN DE ALBUQUERQUE SILVA',10),(194,'20260188','LUÍS FELIPE TENORIO DE LIMA',10),(195,'20260189','MARIA ALLYCE DA SILVA SANTOS',10),(196,'20260190','MARIA FERNANDA FERREIRA BEZERRA DE LIMA',10),(197,'20260191','MARIA FERNANDA PEREIRA FRANCISCO',10),(198,'20260192','MARIA HELOISA BARROS LIMA',10),(199,'20260193','MARIA SOPHIA DA COSTA SILVA',10),(200,'20260194','MELISSA REBECA FERREIRA DA SOUZA',10),(201,'20260195','MIGUEL EDGAR DE LIMA TORRES DA SILVA',10),(202,'20260196','PEDRO GABRIEL DE LIMA',10),(203,'20260197','PEDRO HENRIQUE CORREIA DA SILVA',10),(204,'20260198','PEDRO LUIZ DA SILVA MARIANO',10),(205,'20260199','RENATA VITÓRIA QUEIROZ DA SILVA',10),(206,'20260200','ALICE GABRIELLE GUILHERME DOS SANTOS',11),(207,'20260201','ANA BEATRIZ SILVA DE SOUSA',11),(208,'20260202','ANTONIO CLEMENTINO DE OLIVEIRA NETO',11),(209,'20260203','BRENDA VITÓRIA ESTEVÃO CONSERVA',11),(210,'20260204','DEIVID HENRIQUE MACIEL DE OLIVEIRA',11),(211,'20260205','FABIO HENRIQUE SILVA DO NASCIMENTO',11),(212,'20260206','HALANA MARIA OLIVEIRA DA SILVA',11),(213,'20260207','ISABELLY MARIA SERPA DE LIMA',11),(214,'20260208','ISADORA TUANY DA SILVA',11),(215,'20260209','JOAO PEDRO DANTAS RAMALHO',11),(216,'20260210','KAUANNY RAFAELLY SILVA DE SOUZA',11),(217,'20260211','KESYA VICTORIA DE SANTANA',11),(218,'20260212','LAIS MARIA DA SILVA COSTA',11),(219,'20260213','LUIZ FERNANDO COELHO DA SILVA',11),(220,'20260214','LUIZ GABRIEL ALVES FERREIRA',11),(221,'20260215','LUIZ HENRIQUE DA SILVA ALVES',11),(222,'20260216','MARIA RAPHAELLY ALBUQUERQUE DE SANTANA',11),(223,'20260217','MATHEUS AUGUSTO DA SILVA',11),(224,'20260218','PEDRO LIMA DE MELO FERRAZ',11),(225,'20260219','PERLLA GIULIA DA SILVA BORBA',11),(226,'20260220','RHADASSA MELYSSA AZEVEDO DA SILVA',11),(227,'20260221','SABRINA JENIFFER PEREIRA DA SILVA',11),(228,'20260222','VALENTINA MARIA DA SILVA LOBO',11),(229,'20260223','VITORIA BEATRIZ SANTOS',11),(230,'20260224','VITORIA MICAL GONÇALVES LINS',11),(231,'20260225','YASMIM ASSIS DE BARROS',11),(232,'20260226','ÁGATA PATRICIA DA SILVA ALVES',12),(233,'20260227','ANA THAYS LOPES DO NASCIMENTO',12),(234,'20260228','BRENDA GABRIELE ALVES DA SILVA',12),(235,'20260229','DEIVSON LUCAS TAVARES DA SILVA',12),(236,'20260230','EDUARDO HENRIQUE DUTRA DE SOUZA',12),(237,'20260231','ELINE GABRIELY DOS SANTOS SANTANA',12),(238,'20260232','EMANUELLY THAUANE NASCIMENTO DOS SANTOS',12),(239,'20260233','GISELLE MARIA RODRIGUES LEMOS DA SILVA',12),(240,'20260234','GUSTAVO HENRIQUE SANTOS',12),(241,'20260235','HÉLIO RENAN COSTA DE LIRA',12),(242,'20260236','HYANNA SABRINA DA SILVA',12),(243,'20260237','ISABELA SAMARA GALVÃO SANTOS',12),(244,'20260238','ISABELLY SILVA DO ESPIRITO SANTO',12),(245,'20260239','JHONNATAN GUILHERME BENTO DE LIMA',12),(246,'20260240','JONAS EMANUEL DE SENA DIAS',12),(247,'20260241','JULIA GABRIELE FERREIRA DE LIMA',12),(248,'20260242','KAIO ANDRADE DE LIMA',12),(249,'20260243','LAVINIA GABRIELA DE FREITAS SOBRAL',12),(250,'20260244','LILIAN BARBOSA DO NASCIMENTO',12),(251,'20260245','LÍVIA VÉRGATY SANTOS DO NASCIMENTO',12),(252,'20260246','MAÍSA VITÓRIA DOS SANTOS LAURENTINO',12),(253,'20260247','MARIA LAURA FRANÇA DA SILVEIRA',12),(254,'20260248','MARIA LUISA PEREIRA DA SILVA',12),(255,'20260249','MARIA REBECA DE ALBUQUERQUE BARROS',12),(256,'20260250','MAYANNA BEATRIZ DA SILVA',12),(257,'20260251','NIVALDO SALES DA SILVA NETO',12),(258,'20260252','RAISSA BELCHIOR DOS SANTOS SILVA',12),(259,'20260253','REBECA VITORIA DE OLIVEIRA SANTOS',12),(260,'20260254','ROMERO SEBASTIAO DE OLIVEIRA JUNIOR',12),(261,'20260255','SARAH BEATRIZ GOMES DA SILVA',12),(262,'20260256','SOFIA ISABELLE LEAO DOS SANTOS',12),(263,'20260257','STELLA BEATRIZ LOURENÇO GUEDES',12),(264,'20260258','THAIS GABRIELLE DE FARIAS FERREIRA',12),(265,'20260259','VITÓRIA MAYARA BOTELHO DA SILVA',12),(266,'20260260','WILLIANE MELLYNA RAMALHO DA SILVA',12),(267,'20260261','DAVY GABRIEL DA SILVA SANTOS',13),(268,'20260262','EDSON SOARES DA SILVA JUNIOR',13),(269,'20260263','ERICK RAFAEL PAIVA DOS SANTOS SILVA',13),(270,'20260264','GABRIELA MARIA DE FRANÇA CALANZANS',13),(271,'20260265','IZABELLA HELENA ALMEIDA DE ARAÚJO',13),(272,'20260266','JOAO GUSTAVO VENANCIO DA SILVA',13),(273,'20260267','JOÃO VICTOR MARQUES DOS SANTOS',13),(274,'20260268','LORENA BEATRIZ ARAÚJO LINS DA SILVA',13),(275,'20260269','LORENA VITÓRIA SILVA DE ALMEIDA',13),(276,'20260270','LUIZ OTAVIO RAIMUNDO DE MELO LINS',13),(277,'20260271','MARIA EDUARDA DE SOUZA CABRAL',13),(278,'20260272','MARIA FLOR LOURENÇO DE SOUZA',13),(279,'20260273','MARIA GEOVANA DOS SANTOS ANJOS',13),(280,'20260274','MARIA LETICIA VIEIRA DA SILVA',13),(281,'20260275','MARÍLIA TAIS DE OLIVEIRA LIMA',13),(282,'20260276','MATEUS BELCHIOR SANTOS BORGES',13),(283,'20260277','PEDRO ERMIRIO JOSE FELIX CABRAL DO REGO BARROS',13),(284,'20260278','PEDRO MIGUEL DE OLIVEIRA SANTOS',13),(285,'20260279','SOFIA QUEIROZ DOS SANTOS',13),(286,'20260280','ANNA BEATRIZ CANDIDO FERREIRA',14),(287,'20260281','ANTONIO CAVALCANTI PEREIRA NETO',14),(288,'20260282','ANTONIO FELIPE DE M. C. CORREIA PASSOS',14),(289,'20260283','CARLOS HENRIQUE PASTOR DUTRA',14),(290,'20260284','CLEBER LACERDA PEDROSO FILHO',14),(291,'20260285','DAVI FERNANDO AZEVEDO DE ASSIS',14),(292,'20260286','DAYVID IRAN JOSÉ DA SILVA',14),(293,'20260287','DEMETRIUS HENRY LIMA SALVINO',14),(294,'20260288','FELIPE GABRIEL COSTA DE OLIVEIRA',14),(295,'20260289','GABRIEL ALEXANDRE DA SILVA',14),(296,'20260290','GEOVANA MARIA DA SILVA SANTOS',14),(297,'20260291','HYAGO GABRIEL CARVALHO DE LIMA',14),(298,'20260292','JOAO GUILHERME ALMEIDA DE LIMA',14),(299,'20260293','JOSÉ ANASTÁCIO GUILHERMINO',14),(300,'20260294','LUIS ROBERTO SILVA DE ALMEIDA',14),(301,'20260295','MARCONNY VINICIUS BATISTA SILVA',14),(302,'20260296','MARIA CLARA ALVES DOS ANJOS',14),(303,'20260297','MARIA HELLOYSA ARAUJO SOUZA',14),(304,'20260298','MARIA HELOISA SANTANA PONTUAL',14),(305,'20260299','MATHEUS AUGUSTO ROCHA DE FARIAS',14),(306,'20260300','RENAN ANDREI RODRIGUES CIRNE',14),(307,'20260301','RICHARLISSON EVARISTO DA SILVA',14),(308,'20260302','ROBERTA VICTORIA DE OLIVEIRA FELISBERTO',14),(309,'20260303','ROBERTO LUIS DE ALMEIDA FILHO',14),(310,'20260304','SAULLO EXPEDITO GOMES DA SILVA',14),(311,'20260305','VITOR JOAQUIM GOUVEIA RAPOSO',14),(312,'20260306','WELINTON RAFAEL MARTINS DE SOUZA',14),(313,'20260307','ARTHUR LUCAS FERREIRA DOS SANTOS',15),(314,'20260308','BEATRIZ VITORIA LIMA DE ASSUNÇÃO',15),(315,'20260309','ENZO PETRUS OLIVEIRA DA SILVA',15),(316,'20260310','GABRIEL FERNANDO DA SILVA',15),(317,'20260311','GABRIELLY MARIA XAVIER RODRIGUES',15),(318,'20260312','GUILHERME CABRAL LEMOS',15),(319,'20260313','HORTENCIA VICTORIA LIMA DA SILVA',15),(320,'20260314','JOAO LUCAS DOS SANTOS ANJOS',15),(321,'20260315','JOÃO PEDRO DOS SANTOS FIGUEROA',15),(322,'20260316','LARISSA GABRIELLE GUEDES DE SOUSA',15),(323,'20260317','LARYSSA MELYNA LIMA DA SILVA',15),(324,'20260318','LUIS ARTHUR ARRUDA DOS SANTOS',15),(325,'20260319','MARIA AMELLYA SILVA DE ABREU',15),(326,'20260320','MARIA GUILHERMINA BARBOSA WANDERLEY CAMARA',15),(327,'20260321','MARIA LORENA OLIVEIRA DOS ANJOS',15),(328,'20260322','PEDRO HENRIQUE DE SALES ANDRADE',15),(329,'20260323','RAFAEL VINICIUS DA SILVA RIBEIRO',15),(330,'20260324','SARAH ADRIELLE DE OLIVEIRA ALMEIDA',15),(331,'20260325','VINICIUS GOMES DE SANTANA',15),(332,'20260326','WALLACY GUSTAVO DE ARAUJO ROCHA',15),(333,'20260327','ALINE VITORIA DA SILVA',16),(334,'20260328','ANA ELOISA GUILHERME DOS SANTOS',16),(335,'20260329','ANA JÚLIA LINS CHAVES DE ALMEIDA',16),(336,'20260330','ANALICE MARIA DOS SANTOS SILVA',16),(337,'20260331','ANTONIO GABRIEL SILVA DE OLIVEIRA',16),(338,'20260332','ARTHUR VINICIUS DOS SANTOS BARBOSA',16),(339,'20260333','CAROLINA AZEVEDO DA SILVA',16),(340,'20260334','EMILLY THAYSA LORENA DE LIMA',16),(341,'20260335','ERLAN GLAUBER DE OLIVEIRA MACHADO',16),(342,'20260336','FELIPE GABRIEL PESSOA DOS SANTOS',16),(343,'20260337','HERNAN LORENZO SILVA DOS ANJOS',16),(344,'20260338','HUGO HENRIQUE DE MOURA LINS',16),(345,'20260339','ISABELLA VITÓRIA BATISTA DO AMARAL',16),(346,'20260340','JOAO PAULO QUEIROZ DA SILVA DE JESUS',16),(347,'20260341','JOSE DAVI FERREIRA DA SILVA',16),(348,'20260342','LETICIA MARIA SANTOS DE LIMA',16),(349,'20260343','LUCAS EDUARDO DE MELO BARROS',16),(350,'20260344','LUCAS GABRIEL FERNANDES DE SOUZA',16),(351,'20260345','LUCAS VINYCIUS ANDRADE DA PAIXAO',16),(352,'20260346','LUIZ CARLOS SOUZA DE LIMA',16),(353,'20260347','MARIA BRUNNA BRITO DO NASCIMENTO',16),(354,'20260348','MARIA GIOVANNA ALEXANDRE FALCAO DOS SANTOS',16),(355,'20260349','MARIA LAURA DE LIMA SOTERO BELTRAO',16),(356,'20260350','MARIANA BEATRIZ SILVA DA ROCHA',16),(357,'20260351','MARIANA VITORIA DA SILVA OLIVEIRA',16),(358,'20260352','MARLON JOSE GOMES XAVIER',16),(359,'20260353','MATHEUS HENRIQUE DE SALES RODRIGUES',16),(360,'20260354','MAYARA MARIA DA PAZ LIRA',16),(361,'20260355','MAYZE GABRIELLY DOS SANTOS ALVES',16),(362,'20260356','NAOMY BARBOSA DO NASCIMENTO',16),(363,'20260357','PAULO MATHIAS MOURA DA SILVA',16),(364,'20260358','PEDRO GABRIEL SILVA DOS SANTOS',16),(365,'20260359','RAYANE EMANUELLY LIMA DOS SANTOS',16),(366,'20260360','SAMIA MONALISA SILVA FELIPE',16),(367,'20260361','VITORIA ALINE DE SOUZA SANTOS',16),(368,'20260362','AMINE JACOBINA DE FIGUEIREDO',17),(369,'20260363','ANA JULIA SILVEIRA LEITE',17),(370,'20260364','ELOYSA RAFAELA DA SILVA OLIVEIRA',17),(371,'20260365','EMANUELY SAMARA NASCIMENTO DOS SANTOS',17),(372,'20260366','INGRID GABRIELLY REZENDE',17),(373,'20260367','ISABELA LORENA SEBASTIAO MENESES',17),(374,'20260368','ISABELLA VITORIA HENRIQUE DA SILVA',17),(375,'20260369','JOÃO PEDRO GOUVEIA DA SILVA SANTOS',17),(376,'20260370','LARISSA HANE DUARTE RAMOS',17),(377,'20260371','LÍVIA FERNANDA DOS SANTOS',17),(378,'20260372','MARIA LETICIA GOMES DA SILVA',17),(379,'20260373','MARIA LUIZA PEREIRA DOS SANTOS SOUZA',17),(380,'20260374','MARIA STHEFANNY PEREIRA DE OLIVEIRA',17),(381,'20260375','MAURILIO NASCIMENTO DA SILVA',17),(382,'20260376','RAVY JOSÉ SERAFIM DA SILVA',17),(383,'20260377','VINICIUS LIMA DE MELO FERRAZ',17),(384,'20260378','VITOR LUCA ALMEIDA ALVES',17),(385,'20260379','KAUANY RAÍSSA',17),(386,'20260380','MARYANNE MILENNE',17),(387,'20260381','ANNE HELOISE DULCE DA SILVA LIMA',18),(388,'20260382','CARLOS EDUARDO NOGUEIRA',18),(389,'20260383','GEOVANNA DA SILVA MONTEIRO',18),(390,'20260384','GILMAR FELIPE DA SILVA TEIXEIRA',18),(391,'20260385','GUSTAVO SOARES DE SANTANA',18),(392,'20260386','JOAO VINICIUS DE LIMA SOUSA PINTO',18),(393,'20260387','JOAQUIM GUILHERME SOARES DA SILVA',18),(394,'20260388','JOSE CARLOS JEFERSON DA SILVA',18),(395,'20260389','JOSE MIGUEL SILVA DOS SANTOS',18),(396,'20260390','JULIA BEATRIZ MACIEL COSTA',18),(397,'20260391','JULIA EMANUELY SANTOS GRACILIANO',18),(398,'20260392','LAYLA RHOANA DO NASCIMENTO GUIMARÃES',18),(399,'20260393','LIVYA KARLA DA SILVA GALVÃO',18),(400,'20260394','MANUELY VITORIA PEREIRA DA SILVA',18),(401,'20260395','MARCOS GENÁRIO DOS SANTOS NETO',18),(402,'20260396','MARIA CLARA BENTO DA SILVA',18),(403,'20260397','MARIA CLARA TAVARES TORRES',18),(404,'20260398','MARIA LORENNA VALDEREZ ALVES DOS SANTOS',18),(405,'20260399','MARIA LUIZA VIANA DA SILVA',18),(406,'20260400','MARIA LUYZA MESQUITA DA SILVA',18),(407,'20260401','MARIA PAULA FERNANDES SILVA',18),(408,'20260402','PIETRO VINICIUS SILVA DA ROCHA ALVES',18),(409,'20260403','SABRINA SHEILA GOMES DOS SANTOS',18),(410,'20260404','SARA FERNANDES SOATHMAN',18),(411,'20260405','VICTOR YAGO MARTILIANO RODRIGUES',18),(412,'20260406','YASMIM VITORIA DA SILVA MUNIZ',18),(413,'20260407','ÁLISSON LUIZ DA SILVA',19),(414,'20260408','CASSIO HENRIQUE DA SILVA',19),(415,'20260409','ELIANA MAYARA MENDONÇA DE SANTANA',19),(416,'20260410','ELIAS GUILHERME ALVES FERNANDES',19),(417,'20260411','ELISEU ANTONY DA SILVA',19),(418,'20260412','ELYSON OLIMPIO SANTOS DA SILVA',19),(419,'20260413','JOÃO PEDRO SILVA DE SOUSA',19),(420,'20260414','JULIA GABRIELLA F.SILVA VASCONCELLOS',19),(421,'20260415','JULLYA LORENA RODRIGUES LOPES',19),(422,'20260416','KEYLA MARIA E. DE VASCONCELOS',19),(423,'20260417','KLAYVE RUAN SILVA DE BARROS',19),(424,'20260418','LAIS EMANUELLE OLIVEIRA TAVARES',19),(425,'20260419','LARA BIANCA DA SILVA MENDONÇA',19),(426,'20260420','LUCAS MIQUEIAS GONÇALVES LINS',19),(427,'20260421','LUIS GUSTAVO DE OLIVEIRA SILVA',19),(428,'20260422','LUIZ GUILHERME DOS SANTOS SILVA',19),(429,'20260423','LUIZ MIGUEL DA SILVA RIBEIRO',19),(430,'20260424','LYLIAN VITÓRIA DE B. E SILVA GUIMARÃES',19),(431,'20260425','MARIA ALICE DUTRA DE SOUZA',19),(432,'20260426','MARIA BEATRIZ R.  DA SILVA ALVES',19),(433,'20260427','MARIA LUISA DE LIMA SOTERO BELTRÃO',19),(434,'20260428','MARIA LUIZA DA SILVA MARIANO',19),(435,'20260429','MATHEUS HENRIQUE ALVES VITORINO',19),(436,'20260430','MAYRA RAFAELLE SILVA DA CUNHA',19),(437,'20260431','MELYSSA MARIAH DA SILVA',19),(438,'20260432','MICAELLY DAYANE DE ARAÚJO SILVA',19),(439,'20260433','PABLO JOSÉ DA SILVA COSTA',19),(440,'20260434','ROBERT RYAN DE BARROS RAMOS',19),(441,'20260435','RYKELMY DIEGO SANTOS DA SILVA',19),(442,'20260436','SAMARA VITORIA MOURA DA SILVA',19),(443,'20260437','VICTOR GUILHERME MOURA DA SILVA',19),(444,'20260438','YASMIM FRANCIELLY DA SILVA',19),(445,'20260439','YASMIN MAYARA DA SILVA',19),(449,'20260001','João Silva',3),(450,'20260002','Maria Souza',3),(451,'20260003','Pedro Lima',3);
/*!40000 ALTER TABLE `alunos` ENABLE KEYS */;
UNLOCK TABLES;

--
-- Table structure for table `ano_letivo`
--

DROP TABLE IF EXISTS `ano_letivo`;
/*!40101 SET @saved_cs_client     = @@character_set_client */;
/*!50503 SET character_set_client = utf8mb4 */;
CREATE TABLE `ano_letivo` (
  `id` int NOT NULL AUTO_INCREMENT,
  `ano` varchar(10) NOT NULL,
  PRIMARY KEY (`id`)
) ENGINE=InnoDB AUTO_INCREMENT=2 DEFAULT CHARSET=utf8mb4 COLLATE=utf8mb4_0900_ai_ci;
/*!40101 SET character_set_client = @saved_cs_client */;

--
-- Dumping data for table `ano_letivo`
--

LOCK TABLES `ano_letivo` WRITE;
/*!40000 ALTER TABLE `ano_letivo` DISABLE KEYS */;
INSERT INTO `ano_letivo` VALUES (1,'2026');
/*!40000 ALTER TABLE `ano_letivo` ENABLE KEYS */;
UNLOCK TABLES;

--
-- Table structure for table `anos_letivos`
--

DROP TABLE IF EXISTS `anos_letivos`;
/*!40101 SET @saved_cs_client     = @@character_set_client */;
/*!50503 SET character_set_client = utf8mb4 */;
CREATE TABLE `anos_letivos` (
  `id` int NOT NULL AUTO_INCREMENT,
  `descricao` varchar(10) NOT NULL,
  `ativo` tinyint(1) DEFAULT '1',
  PRIMARY KEY (`id`)
) ENGINE=InnoDB AUTO_INCREMENT=2 DEFAULT CHARSET=utf8mb4 COLLATE=utf8mb4_0900_ai_ci;
/*!40101 SET character_set_client = @saved_cs_client */;

--
-- Dumping data for table `anos_letivos`
--

LOCK TABLES `anos_letivos` WRITE;
/*!40000 ALTER TABLE `anos_letivos` DISABLE KEYS */;
INSERT INTO `anos_letivos` VALUES (1,'2026',1);
/*!40000 ALTER TABLE `anos_letivos` ENABLE KEYS */;
UNLOCK TABLES;

--
-- Table structure for table `coordenadores`
--

DROP TABLE IF EXISTS `coordenadores`;
/*!40101 SET @saved_cs_client     = @@character_set_client */;
/*!50503 SET character_set_client = utf8mb4 */;
CREATE TABLE `coordenadores` (
  `id` int NOT NULL AUTO_INCREMENT,
  `usuario_id` int NOT NULL,
  PRIMARY KEY (`id`),
  KEY `usuario_id` (`usuario_id`),
  CONSTRAINT `coordenadores_ibfk_1` FOREIGN KEY (`usuario_id`) REFERENCES `usuarios` (`id`)
) ENGINE=InnoDB DEFAULT CHARSET=utf8mb4 COLLATE=utf8mb4_0900_ai_ci;
/*!40101 SET character_set_client = @saved_cs_client */;

--
-- Dumping data for table `coordenadores`
--

LOCK TABLES `coordenadores` WRITE;
/*!40000 ALTER TABLE `coordenadores` DISABLE KEYS */;
/*!40000 ALTER TABLE `coordenadores` ENABLE KEYS */;
UNLOCK TABLES;

--
-- Table structure for table `disciplinas`
--

DROP TABLE IF EXISTS `disciplinas`;
/*!40101 SET @saved_cs_client     = @@character_set_client */;
/*!50503 SET character_set_client = utf8mb4 */;
CREATE TABLE `disciplinas` (
  `id` int NOT NULL AUTO_INCREMENT,
  `nome` varchar(100) NOT NULL,
  `carga_horaria` varchar(100) DEFAULT NULL,
  `turma_id` int DEFAULT NULL,
  PRIMARY KEY (`id`),
  KEY `fk_disciplina_turma` (`turma_id`),
  CONSTRAINT `fk_disciplina_turma` FOREIGN KEY (`turma_id`) REFERENCES `turmas` (`id`)
) ENGINE=InnoDB AUTO_INCREMENT=16 DEFAULT CHARSET=utf8mb4 COLLATE=utf8mb4_0900_ai_ci;
/*!40101 SET character_set_client = @saved_cs_client */;

--
-- Dumping data for table `disciplinas`
--

LOCK TABLES `disciplinas` WRITE;
/*!40000 ALTER TABLE `disciplinas` DISABLE KEYS */;
INSERT INTO `disciplinas` VALUES (1,'Português','80',NULL),(2,'Matemática','80',NULL),(3,'História','40',NULL),(4,'Geografia','40',NULL),(5,'Ciências','60',NULL),(6,'Inglês','40',NULL),(7,'Arte','20',NULL),(8,'Educação Física','20',NULL),(9,'Robótica','40',NULL),(10,'Empreendedorismo','40',NULL),(11,'Linguagem','80',NULL),(12,'Humanas','80',NULL),(13,'Natureza','80',NULL),(14,'Física','40',12),(15,'Desenvolvimento de Sistemas','100',19);
/*!40000 ALTER TABLE `disciplinas` ENABLE KEYS */;
UNLOCK TABLES;

--
-- Table structure for table `notas`
--

DROP TABLE IF EXISTS `notas`;
/*!40101 SET @saved_cs_client     = @@character_set_client */;
/*!50503 SET character_set_client = utf8mb4 */;
CREATE TABLE `notas` (
  `id` int NOT NULL AUTO_INCREMENT,
  `aluno_id` int NOT NULL,
  `disciplina_id` int NOT NULL,
  `u1_av1` decimal(5,2) DEFAULT NULL,
  `u1_av2` decimal(5,2) DEFAULT NULL,
  `u1_av3` decimal(5,2) DEFAULT NULL,
  `u1_media` decimal(5,2) DEFAULT NULL,
  `u1_recuperacao` decimal(5,2) DEFAULT NULL,
  `u1_media_final` decimal(5,2) DEFAULT NULL,
  `u2_av1` decimal(5,2) DEFAULT NULL,
  `u2_av2` decimal(5,2) DEFAULT NULL,
  `u2_av3` decimal(5,2) DEFAULT NULL,
  `u2_media` decimal(5,2) DEFAULT NULL,
  `u2_recuperacao` decimal(5,2) DEFAULT NULL,
  `u2_media_final` decimal(5,2) DEFAULT NULL,
  `u3_av1` decimal(5,2) DEFAULT NULL,
  `u3_av2` decimal(5,2) DEFAULT NULL,
  `u3_av3` decimal(5,2) DEFAULT NULL,
  `u3_media` decimal(5,2) DEFAULT NULL,
  `u3_recuperacao` decimal(5,2) DEFAULT NULL,
  `u3_media_final` decimal(5,2) DEFAULT NULL,
  `u4_av1` decimal(5,2) DEFAULT NULL,
  `u4_av2` decimal(5,2) DEFAULT NULL,
  `u4_av3` decimal(5,2) DEFAULT NULL,
  `u4_media` decimal(5,2) DEFAULT NULL,
  `u4_recuperacao` decimal(5,2) DEFAULT NULL,
  `u4_media_final` decimal(5,2) DEFAULT NULL,
  `media_anual` decimal(5,2) DEFAULT NULL,
  `recuperacao_final` decimal(5,2) DEFAULT NULL,
  `nota_final` decimal(5,2) DEFAULT NULL,
  `situacao` varchar(30) DEFAULT NULL,
  PRIMARY KEY (`id`),
  KEY `aluno_id` (`aluno_id`),
  KEY `disciplina_id` (`disciplina_id`),
  CONSTRAINT `notas_ibfk_1` FOREIGN KEY (`aluno_id`) REFERENCES `alunos` (`id`),
  CONSTRAINT `notas_ibfk_2` FOREIGN KEY (`disciplina_id`) REFERENCES `disciplinas` (`id`)
) ENGINE=InnoDB AUTO_INCREMENT=112 DEFAULT CHARSET=utf8mb4 COLLATE=utf8mb4_0900_ai_ci;
/*!40101 SET character_set_client = @saved_cs_client */;

--
-- Dumping data for table `notas`
--

LOCK TABLES `notas` WRITE;
/*!40000 ALTER TABLE `notas` DISABLE KEYS */;
INSERT INTO `notas` VALUES (2,7,2,5.00,6.00,5.00,5.33,8.50,NULL,5.00,6.00,5.00,5.33,NULL,NULL,4.00,6.00,5.00,5.00,NULL,NULL,5.00,6.00,5.00,5.33,NULL,NULL,5.25,NULL,NULL,'RECUPERACAO'),(3,8,2,7.80,7.80,7.80,7.80,NULL,NULL,7.80,7.80,7.80,7.80,NULL,NULL,7.80,7.80,7.80,7.80,NULL,NULL,7.80,7.80,7.80,7.80,NULL,NULL,7.80,NULL,NULL,'APROVADO'),(4,9,2,NULL,NULL,NULL,NULL,NULL,NULL,NULL,NULL,NULL,NULL,NULL,NULL,NULL,NULL,NULL,NULL,NULL,NULL,NULL,NULL,NULL,NULL,NULL,NULL,NULL,NULL,NULL,NULL),(5,10,2,NULL,NULL,NULL,NULL,NULL,NULL,NULL,NULL,NULL,NULL,NULL,NULL,NULL,NULL,NULL,NULL,NULL,NULL,NULL,NULL,NULL,NULL,NULL,NULL,NULL,NULL,NULL,NULL),(6,11,2,NULL,NULL,NULL,NULL,NULL,NULL,NULL,NULL,NULL,NULL,NULL,NULL,NULL,NULL,NULL,NULL,NULL,NULL,NULL,NULL,NULL,NULL,NULL,NULL,NULL,NULL,NULL,NULL),(7,12,2,NULL,NULL,NULL,NULL,NULL,NULL,NULL,NULL,NULL,NULL,NULL,NULL,NULL,NULL,NULL,NULL,NULL,NULL,NULL,NULL,NULL,NULL,NULL,NULL,NULL,NULL,NULL,NULL),(8,13,2,NULL,NULL,NULL,NULL,NULL,NULL,NULL,NULL,NULL,NULL,NULL,NULL,NULL,NULL,NULL,NULL,NULL,NULL,NULL,NULL,NULL,NULL,NULL,NULL,NULL,NULL,NULL,NULL),(9,14,2,NULL,NULL,NULL,NULL,NULL,NULL,NULL,NULL,NULL,NULL,NULL,NULL,NULL,NULL,NULL,NULL,NULL,NULL,NULL,NULL,NULL,NULL,NULL,NULL,NULL,NULL,NULL,NULL),(10,15,2,NULL,NULL,NULL,NULL,NULL,NULL,NULL,NULL,NULL,NULL,NULL,NULL,NULL,NULL,NULL,NULL,NULL,NULL,NULL,NULL,NULL,NULL,NULL,NULL,NULL,NULL,NULL,NULL),(11,25,2,NULL,NULL,NULL,NULL,NULL,NULL,NULL,NULL,NULL,NULL,NULL,NULL,NULL,NULL,NULL,NULL,NULL,NULL,NULL,NULL,NULL,NULL,NULL,NULL,NULL,NULL,NULL,NULL),(12,16,2,NULL,NULL,NULL,NULL,NULL,NULL,NULL,NULL,NULL,NULL,NULL,NULL,NULL,NULL,NULL,NULL,NULL,NULL,NULL,NULL,NULL,NULL,NULL,NULL,NULL,NULL,NULL,NULL),(13,17,2,NULL,NULL,NULL,NULL,NULL,NULL,NULL,NULL,NULL,NULL,NULL,NULL,NULL,NULL,NULL,NULL,NULL,NULL,NULL,NULL,NULL,NULL,NULL,NULL,NULL,NULL,NULL,NULL),(14,18,2,NULL,NULL,NULL,NULL,NULL,NULL,NULL,NULL,NULL,NULL,NULL,NULL,NULL,NULL,NULL,NULL,NULL,NULL,NULL,NULL,NULL,NULL,NULL,NULL,NULL,NULL,NULL,NULL),(15,19,2,NULL,NULL,NULL,NULL,NULL,NULL,NULL,NULL,NULL,NULL,NULL,NULL,NULL,NULL,NULL,NULL,NULL,NULL,NULL,NULL,NULL,NULL,NULL,NULL,NULL,NULL,NULL,NULL),(16,20,2,NULL,NULL,NULL,NULL,NULL,NULL,NULL,NULL,NULL,NULL,NULL,NULL,NULL,NULL,NULL,NULL,NULL,NULL,NULL,NULL,NULL,NULL,NULL,NULL,NULL,NULL,NULL,NULL),(17,21,2,NULL,NULL,NULL,NULL,NULL,NULL,NULL,NULL,NULL,NULL,NULL,NULL,NULL,NULL,NULL,NULL,NULL,NULL,NULL,NULL,NULL,NULL,NULL,NULL,NULL,NULL,NULL,NULL),(18,22,2,NULL,NULL,NULL,NULL,NULL,NULL,NULL,NULL,NULL,NULL,NULL,NULL,NULL,NULL,NULL,NULL,NULL,NULL,NULL,NULL,NULL,NULL,NULL,NULL,NULL,NULL,NULL,NULL),(19,23,2,NULL,NULL,NULL,NULL,NULL,NULL,NULL,NULL,NULL,NULL,NULL,NULL,NULL,NULL,NULL,NULL,NULL,NULL,NULL,NULL,NULL,NULL,NULL,NULL,NULL,NULL,NULL,NULL),(20,24,2,NULL,NULL,NULL,NULL,NULL,NULL,NULL,NULL,NULL,NULL,NULL,NULL,NULL,NULL,NULL,NULL,NULL,NULL,NULL,NULL,NULL,NULL,NULL,NULL,NULL,NULL,NULL,NULL),(21,449,2,NULL,NULL,NULL,NULL,NULL,NULL,NULL,NULL,NULL,NULL,NULL,NULL,NULL,NULL,NULL,NULL,NULL,NULL,NULL,NULL,NULL,NULL,NULL,NULL,NULL,NULL,NULL,NULL),(22,450,2,NULL,NULL,NULL,NULL,NULL,NULL,NULL,NULL,NULL,NULL,NULL,NULL,NULL,NULL,NULL,NULL,NULL,NULL,NULL,NULL,NULL,NULL,NULL,NULL,NULL,NULL,NULL,NULL),(23,451,2,NULL,NULL,NULL,NULL,NULL,NULL,NULL,NULL,NULL,NULL,NULL,NULL,NULL,NULL,NULL,NULL,NULL,NULL,NULL,NULL,NULL,NULL,NULL,NULL,NULL,NULL,NULL,NULL),(24,413,13,NULL,NULL,NULL,NULL,NULL,NULL,10.00,8.00,10.00,9.33,NULL,NULL,NULL,NULL,NULL,NULL,NULL,NULL,NULL,NULL,NULL,NULL,NULL,NULL,NULL,NULL,NULL,NULL),(25,414,13,NULL,NULL,NULL,NULL,NULL,NULL,7.00,9.00,7.00,7.67,NULL,NULL,NULL,NULL,NULL,NULL,NULL,NULL,NULL,NULL,NULL,NULL,NULL,NULL,NULL,NULL,NULL,NULL),(26,415,13,NULL,NULL,NULL,NULL,NULL,NULL,NULL,NULL,NULL,NULL,NULL,NULL,NULL,NULL,NULL,NULL,NULL,NULL,NULL,NULL,NULL,NULL,NULL,NULL,NULL,NULL,NULL,NULL),(27,416,13,NULL,NULL,NULL,NULL,NULL,NULL,NULL,NULL,NULL,NULL,NULL,NULL,NULL,NULL,NULL,NULL,NULL,NULL,NULL,NULL,NULL,NULL,NULL,NULL,NULL,NULL,NULL,NULL),(28,417,13,NULL,NULL,NULL,NULL,NULL,NULL,NULL,NULL,NULL,NULL,NULL,NULL,NULL,NULL,NULL,NULL,NULL,NULL,NULL,NULL,NULL,NULL,NULL,NULL,NULL,NULL,NULL,NULL),(29,418,13,NULL,NULL,NULL,NULL,NULL,NULL,NULL,NULL,NULL,NULL,NULL,NULL,NULL,NULL,NULL,NULL,NULL,NULL,NULL,NULL,NULL,NULL,NULL,NULL,NULL,NULL,NULL,NULL),(30,419,13,NULL,NULL,NULL,NULL,NULL,NULL,NULL,NULL,NULL,NULL,NULL,NULL,NULL,NULL,NULL,NULL,NULL,NULL,NULL,NULL,NULL,NULL,NULL,NULL,NULL,NULL,NULL,NULL),(31,420,13,NULL,NULL,NULL,NULL,NULL,NULL,NULL,NULL,NULL,NULL,NULL,NULL,NULL,NULL,NULL,NULL,NULL,NULL,NULL,NULL,NULL,NULL,NULL,NULL,NULL,NULL,NULL,NULL),(32,421,13,NULL,NULL,NULL,NULL,NULL,NULL,NULL,NULL,NULL,NULL,NULL,NULL,NULL,NULL,NULL,NULL,NULL,NULL,NULL,NULL,NULL,NULL,NULL,NULL,NULL,NULL,NULL,NULL),(33,422,13,NULL,NULL,NULL,NULL,NULL,NULL,NULL,NULL,NULL,NULL,NULL,NULL,NULL,NULL,NULL,NULL,NULL,NULL,NULL,NULL,NULL,NULL,NULL,NULL,NULL,NULL,NULL,NULL),(34,423,13,NULL,NULL,NULL,NULL,NULL,NULL,NULL,NULL,NULL,NULL,NULL,NULL,NULL,NULL,NULL,NULL,NULL,NULL,NULL,NULL,NULL,NULL,NULL,NULL,NULL,NULL,NULL,NULL),(35,424,13,NULL,NULL,NULL,NULL,NULL,NULL,NULL,NULL,NULL,NULL,NULL,NULL,NULL,NULL,NULL,NULL,NULL,NULL,NULL,NULL,NULL,NULL,NULL,NULL,NULL,NULL,NULL,NULL),(36,425,13,NULL,NULL,NULL,NULL,NULL,NULL,NULL,NULL,NULL,NULL,NULL,NULL,NULL,NULL,NULL,NULL,NULL,NULL,NULL,NULL,NULL,NULL,NULL,NULL,NULL,NULL,NULL,NULL),(37,426,13,NULL,NULL,NULL,NULL,NULL,NULL,NULL,NULL,NULL,NULL,NULL,NULL,NULL,NULL,NULL,NULL,NULL,NULL,NULL,NULL,NULL,NULL,NULL,NULL,NULL,NULL,NULL,NULL),(38,427,13,NULL,NULL,NULL,NULL,NULL,NULL,NULL,NULL,NULL,NULL,NULL,NULL,NULL,NULL,NULL,NULL,NULL,NULL,NULL,NULL,NULL,NULL,NULL,NULL,NULL,NULL,NULL,NULL),(39,428,13,NULL,NULL,NULL,NULL,NULL,NULL,NULL,NULL,NULL,NULL,NULL,NULL,NULL,NULL,NULL,NULL,NULL,NULL,NULL,NULL,NULL,NULL,NULL,NULL,NULL,NULL,NULL,NULL),(40,429,13,NULL,NULL,NULL,NULL,NULL,NULL,NULL,NULL,NULL,NULL,NULL,NULL,NULL,NULL,NULL,NULL,NULL,NULL,NULL,NULL,NULL,NULL,NULL,NULL,NULL,NULL,NULL,NULL),(41,430,13,NULL,NULL,NULL,NULL,NULL,NULL,NULL,NULL,NULL,NULL,NULL,NULL,NULL,NULL,NULL,NULL,NULL,NULL,NULL,NULL,NULL,NULL,NULL,NULL,NULL,NULL,NULL,NULL),(42,431,13,NULL,NULL,NULL,NULL,NULL,NULL,NULL,NULL,NULL,NULL,NULL,NULL,NULL,NULL,NULL,NULL,NULL,NULL,NULL,NULL,NULL,NULL,NULL,NULL,NULL,NULL,NULL,NULL),(43,432,13,NULL,NULL,NULL,NULL,NULL,NULL,NULL,NULL,NULL,NULL,NULL,NULL,NULL,NULL,NULL,NULL,NULL,NULL,NULL,NULL,NULL,NULL,NULL,NULL,NULL,NULL,NULL,NULL),(44,433,13,NULL,NULL,NULL,NULL,NULL,NULL,NULL,NULL,NULL,NULL,NULL,NULL,NULL,NULL,NULL,NULL,NULL,NULL,NULL,NULL,NULL,NULL,NULL,NULL,NULL,NULL,NULL,NULL),(45,434,13,NULL,NULL,NULL,NULL,NULL,NULL,NULL,NULL,NULL,NULL,NULL,NULL,NULL,NULL,NULL,NULL,NULL,NULL,NULL,NULL,NULL,NULL,NULL,NULL,NULL,NULL,NULL,NULL),(46,435,13,NULL,NULL,NULL,NULL,NULL,NULL,NULL,NULL,NULL,NULL,NULL,NULL,NULL,NULL,NULL,NULL,NULL,NULL,NULL,NULL,NULL,NULL,NULL,NULL,NULL,NULL,NULL,NULL),(47,436,13,NULL,NULL,NULL,NULL,NULL,NULL,NULL,NULL,NULL,NULL,NULL,NULL,NULL,NULL,NULL,NULL,NULL,NULL,NULL,NULL,NULL,NULL,NULL,NULL,NULL,NULL,NULL,NULL),(48,437,13,NULL,NULL,NULL,NULL,NULL,NULL,NULL,NULL,NULL,NULL,NULL,NULL,NULL,NULL,NULL,NULL,NULL,NULL,NULL,NULL,NULL,NULL,NULL,NULL,NULL,NULL,NULL,NULL),(49,438,13,NULL,NULL,NULL,NULL,NULL,NULL,NULL,NULL,NULL,NULL,NULL,NULL,NULL,NULL,NULL,NULL,NULL,NULL,NULL,NULL,NULL,NULL,NULL,NULL,NULL,NULL,NULL,NULL),(50,439,13,NULL,NULL,NULL,NULL,NULL,NULL,NULL,NULL,NULL,NULL,NULL,NULL,NULL,NULL,NULL,NULL,NULL,NULL,NULL,NULL,NULL,NULL,NULL,NULL,NULL,NULL,NULL,NULL),(51,440,13,NULL,NULL,NULL,NULL,NULL,NULL,NULL,NULL,NULL,NULL,NULL,NULL,NULL,NULL,NULL,NULL,NULL,NULL,NULL,NULL,NULL,NULL,NULL,NULL,NULL,NULL,NULL,NULL),(52,441,13,NULL,NULL,NULL,NULL,NULL,NULL,NULL,NULL,NULL,NULL,NULL,NULL,NULL,NULL,NULL,NULL,NULL,NULL,NULL,NULL,NULL,NULL,NULL,NULL,NULL,NULL,NULL,NULL),(53,442,13,NULL,NULL,NULL,NULL,NULL,NULL,NULL,NULL,NULL,NULL,NULL,NULL,NULL,NULL,NULL,NULL,NULL,NULL,NULL,NULL,NULL,NULL,NULL,NULL,NULL,NULL,NULL,NULL),(54,443,13,NULL,NULL,NULL,NULL,NULL,NULL,NULL,NULL,NULL,NULL,NULL,NULL,NULL,NULL,NULL,NULL,NULL,NULL,NULL,NULL,NULL,NULL,NULL,NULL,NULL,NULL,NULL,NULL),(55,444,13,NULL,NULL,NULL,NULL,NULL,NULL,NULL,NULL,NULL,NULL,NULL,NULL,NULL,NULL,NULL,NULL,NULL,NULL,NULL,NULL,NULL,NULL,NULL,NULL,NULL,NULL,NULL,NULL),(56,445,13,NULL,NULL,NULL,NULL,NULL,NULL,NULL,NULL,NULL,NULL,NULL,NULL,NULL,NULL,NULL,NULL,NULL,NULL,NULL,NULL,NULL,NULL,NULL,NULL,NULL,NULL,NULL,NULL),(57,7,3,NULL,NULL,NULL,NULL,NULL,NULL,NULL,NULL,10.00,NULL,NULL,NULL,NULL,NULL,NULL,NULL,NULL,NULL,NULL,NULL,NULL,NULL,NULL,NULL,NULL,NULL,NULL,NULL),(58,8,3,NULL,NULL,NULL,NULL,NULL,NULL,NULL,NULL,NULL,NULL,NULL,NULL,NULL,NULL,NULL,NULL,NULL,NULL,NULL,NULL,NULL,NULL,NULL,NULL,NULL,NULL,NULL,NULL),(59,9,3,NULL,NULL,NULL,NULL,NULL,NULL,NULL,NULL,NULL,NULL,NULL,NULL,NULL,NULL,NULL,NULL,NULL,NULL,NULL,NULL,NULL,NULL,NULL,NULL,NULL,NULL,NULL,NULL),(60,10,3,NULL,NULL,NULL,NULL,NULL,NULL,NULL,NULL,NULL,NULL,NULL,NULL,NULL,NULL,NULL,NULL,NULL,NULL,NULL,NULL,NULL,NULL,NULL,NULL,NULL,NULL,NULL,NULL),(61,11,3,NULL,NULL,NULL,NULL,NULL,NULL,NULL,NULL,NULL,NULL,NULL,NULL,NULL,NULL,NULL,NULL,NULL,NULL,NULL,NULL,NULL,NULL,NULL,NULL,NULL,NULL,NULL,NULL),(62,12,3,NULL,NULL,NULL,NULL,NULL,NULL,NULL,NULL,NULL,NULL,NULL,NULL,NULL,NULL,NULL,NULL,NULL,NULL,NULL,NULL,NULL,NULL,NULL,NULL,NULL,NULL,NULL,NULL),(63,13,3,NULL,NULL,NULL,NULL,NULL,NULL,NULL,NULL,NULL,NULL,NULL,NULL,NULL,NULL,NULL,NULL,NULL,NULL,NULL,NULL,NULL,NULL,NULL,NULL,NULL,NULL,NULL,NULL),(64,14,3,NULL,NULL,NULL,NULL,NULL,NULL,NULL,NULL,NULL,NULL,NULL,NULL,NULL,NULL,NULL,NULL,NULL,NULL,NULL,NULL,NULL,NULL,NULL,NULL,NULL,NULL,NULL,NULL),(65,449,3,NULL,NULL,NULL,NULL,NULL,NULL,NULL,NULL,NULL,NULL,NULL,NULL,NULL,NULL,NULL,NULL,NULL,NULL,NULL,NULL,NULL,NULL,NULL,NULL,NULL,NULL,NULL,NULL),(66,15,3,NULL,NULL,NULL,NULL,NULL,NULL,NULL,NULL,NULL,NULL,NULL,NULL,NULL,NULL,NULL,NULL,NULL,NULL,NULL,NULL,NULL,NULL,NULL,NULL,NULL,NULL,NULL,NULL),(67,25,3,NULL,NULL,NULL,NULL,NULL,NULL,NULL,NULL,NULL,NULL,NULL,NULL,NULL,NULL,NULL,NULL,NULL,NULL,NULL,NULL,NULL,NULL,NULL,NULL,NULL,NULL,NULL,NULL),(68,16,3,NULL,NULL,NULL,NULL,NULL,NULL,NULL,NULL,NULL,NULL,NULL,NULL,NULL,NULL,NULL,NULL,NULL,NULL,NULL,NULL,NULL,NULL,NULL,NULL,NULL,NULL,NULL,NULL),(69,17,3,NULL,NULL,NULL,NULL,NULL,NULL,NULL,NULL,NULL,NULL,NULL,NULL,NULL,NULL,NULL,NULL,NULL,NULL,NULL,NULL,NULL,NULL,NULL,NULL,NULL,NULL,NULL,NULL),(70,18,3,NULL,NULL,NULL,NULL,NULL,NULL,NULL,NULL,NULL,NULL,NULL,NULL,NULL,NULL,NULL,NULL,NULL,NULL,NULL,NULL,NULL,NULL,NULL,NULL,NULL,NULL,NULL,NULL),(71,19,3,NULL,NULL,NULL,NULL,NULL,NULL,NULL,NULL,NULL,NULL,NULL,NULL,NULL,NULL,NULL,NULL,NULL,NULL,NULL,NULL,NULL,NULL,NULL,NULL,NULL,NULL,NULL,NULL),(72,20,3,NULL,NULL,NULL,NULL,NULL,NULL,NULL,NULL,NULL,NULL,NULL,NULL,NULL,NULL,NULL,NULL,NULL,NULL,NULL,NULL,NULL,NULL,NULL,NULL,NULL,NULL,NULL,NULL),(73,21,3,NULL,NULL,NULL,NULL,NULL,NULL,NULL,NULL,NULL,NULL,NULL,NULL,NULL,NULL,NULL,NULL,NULL,NULL,NULL,NULL,NULL,NULL,NULL,NULL,NULL,NULL,NULL,NULL),(74,450,3,NULL,NULL,NULL,NULL,NULL,NULL,NULL,NULL,NULL,NULL,NULL,NULL,NULL,NULL,NULL,NULL,NULL,NULL,NULL,NULL,NULL,NULL,NULL,NULL,NULL,NULL,NULL,NULL),(75,22,3,NULL,NULL,NULL,NULL,NULL,NULL,NULL,NULL,NULL,NULL,NULL,NULL,NULL,NULL,NULL,NULL,NULL,NULL,NULL,NULL,NULL,NULL,NULL,NULL,NULL,NULL,NULL,NULL),(76,451,3,NULL,NULL,NULL,NULL,NULL,NULL,NULL,NULL,NULL,NULL,NULL,NULL,NULL,NULL,NULL,NULL,NULL,NULL,NULL,NULL,NULL,NULL,NULL,NULL,NULL,NULL,NULL,NULL),(77,23,3,NULL,NULL,NULL,NULL,NULL,NULL,NULL,NULL,NULL,NULL,NULL,NULL,NULL,NULL,NULL,NULL,NULL,NULL,NULL,NULL,NULL,NULL,NULL,NULL,NULL,NULL,NULL,NULL),(78,24,3,NULL,NULL,NULL,NULL,NULL,NULL,NULL,NULL,NULL,NULL,NULL,NULL,NULL,NULL,NULL,NULL,NULL,NULL,NULL,NULL,NULL,NULL,NULL,NULL,NULL,NULL,NULL,NULL),(79,413,15,10.00,10.00,8.00,9.33,0.00,9.33,8.00,7.00,9.00,8.00,NULL,NULL,NULL,NULL,NULL,NULL,NULL,NULL,NULL,NULL,NULL,NULL,NULL,NULL,NULL,NULL,NULL,'APROVADO'),(80,414,15,4.00,4.00,8.00,5.33,5.00,5.33,8.00,7.00,9.00,8.00,NULL,NULL,NULL,NULL,NULL,NULL,NULL,NULL,NULL,NULL,NULL,NULL,NULL,NULL,NULL,NULL,NULL,'RECUPERACAO'),(81,415,15,10.00,10.00,10.00,10.00,NULL,NULL,8.00,7.00,9.00,8.00,NULL,NULL,NULL,NULL,NULL,NULL,NULL,NULL,NULL,NULL,NULL,NULL,NULL,NULL,NULL,NULL,NULL,NULL),(82,416,15,10.00,10.00,10.00,10.00,NULL,NULL,8.00,7.00,9.00,8.00,NULL,NULL,NULL,NULL,NULL,NULL,NULL,NULL,NULL,NULL,NULL,NULL,NULL,NULL,NULL,NULL,NULL,NULL),(83,417,15,7.50,7.00,8.30,7.60,NULL,NULL,8.00,7.00,9.00,8.00,NULL,NULL,NULL,NULL,NULL,NULL,NULL,NULL,NULL,NULL,NULL,NULL,NULL,NULL,NULL,NULL,NULL,NULL),(84,418,15,0.00,0.00,0.00,0.00,NULL,NULL,0.00,7.00,0.00,2.33,NULL,NULL,NULL,NULL,NULL,NULL,NULL,NULL,NULL,NULL,NULL,NULL,NULL,NULL,NULL,NULL,NULL,NULL),(85,419,15,10.00,10.00,10.00,10.00,NULL,NULL,8.00,7.00,9.00,8.00,NULL,NULL,NULL,NULL,NULL,NULL,NULL,NULL,NULL,NULL,NULL,NULL,NULL,NULL,NULL,NULL,NULL,NULL),(86,420,15,9.00,8.00,7.00,8.00,NULL,NULL,8.00,7.00,9.00,8.00,NULL,NULL,NULL,NULL,NULL,NULL,NULL,NULL,NULL,NULL,NULL,NULL,NULL,NULL,NULL,NULL,NULL,NULL),(87,421,15,9.00,8.00,7.00,8.00,NULL,NULL,8.00,7.00,9.00,8.00,NULL,NULL,NULL,NULL,NULL,NULL,NULL,NULL,NULL,NULL,NULL,NULL,NULL,NULL,NULL,NULL,NULL,NULL),(88,422,15,10.00,10.00,10.00,10.00,NULL,NULL,8.00,7.00,9.00,8.00,NULL,NULL,NULL,NULL,NULL,NULL,NULL,NULL,NULL,NULL,NULL,NULL,NULL,NULL,NULL,NULL,NULL,NULL),(89,423,15,10.00,9.00,8.00,9.00,NULL,NULL,8.00,7.00,9.00,8.00,NULL,NULL,NULL,NULL,NULL,NULL,NULL,NULL,NULL,NULL,NULL,NULL,NULL,NULL,NULL,NULL,NULL,NULL),(90,424,15,7.30,7.00,7.00,7.10,NULL,NULL,8.00,7.00,9.00,8.00,NULL,NULL,NULL,NULL,NULL,NULL,NULL,NULL,NULL,NULL,NULL,NULL,NULL,NULL,NULL,NULL,NULL,NULL),(91,425,15,0.00,0.00,0.00,0.00,NULL,NULL,8.00,7.00,0.00,5.00,NULL,NULL,NULL,NULL,NULL,NULL,NULL,NULL,NULL,NULL,NULL,NULL,NULL,NULL,NULL,NULL,NULL,NULL),(92,426,15,10.00,10.00,10.00,10.00,NULL,NULL,8.00,7.00,9.00,8.00,NULL,NULL,NULL,NULL,NULL,NULL,NULL,NULL,NULL,NULL,NULL,NULL,NULL,NULL,NULL,NULL,NULL,NULL),(93,427,15,10.00,10.00,10.00,10.00,NULL,NULL,8.00,7.00,9.00,8.00,NULL,NULL,NULL,NULL,NULL,NULL,NULL,NULL,NULL,NULL,NULL,NULL,NULL,NULL,NULL,NULL,NULL,NULL),(94,428,15,10.00,10.00,10.00,10.00,NULL,NULL,8.00,7.00,9.00,8.00,NULL,NULL,NULL,NULL,NULL,NULL,NULL,NULL,NULL,NULL,NULL,NULL,NULL,NULL,NULL,NULL,NULL,NULL),(95,429,15,10.00,10.00,10.00,10.00,NULL,NULL,8.00,7.00,9.00,8.00,NULL,NULL,NULL,NULL,NULL,NULL,NULL,NULL,NULL,NULL,NULL,NULL,NULL,NULL,NULL,NULL,NULL,NULL),(96,430,15,10.00,9.00,10.00,9.67,NULL,NULL,8.00,7.00,9.00,8.00,NULL,NULL,NULL,NULL,NULL,NULL,NULL,NULL,NULL,NULL,NULL,NULL,NULL,NULL,NULL,NULL,NULL,NULL),(97,431,15,10.00,10.00,10.00,10.00,NULL,NULL,8.00,7.00,9.00,8.00,NULL,NULL,NULL,NULL,NULL,NULL,NULL,NULL,NULL,NULL,NULL,NULL,NULL,NULL,NULL,NULL,NULL,NULL),(98,432,15,7.00,7.00,7.00,7.00,NULL,NULL,8.00,7.00,9.00,8.00,NULL,NULL,NULL,NULL,NULL,NULL,NULL,NULL,NULL,NULL,NULL,NULL,NULL,NULL,NULL,NULL,NULL,NULL),(99,433,15,10.00,10.00,8.00,9.33,NULL,NULL,8.00,7.00,9.00,8.00,NULL,NULL,NULL,NULL,NULL,NULL,NULL,NULL,NULL,NULL,NULL,NULL,NULL,NULL,NULL,NULL,NULL,NULL),(100,434,15,10.00,10.00,8.00,9.33,NULL,NULL,8.00,7.00,9.00,8.00,NULL,NULL,NULL,NULL,NULL,NULL,NULL,NULL,NULL,NULL,NULL,NULL,NULL,NULL,NULL,NULL,NULL,NULL),(101,435,15,9.00,9.00,9.00,9.00,NULL,NULL,8.00,7.00,9.00,8.00,NULL,NULL,NULL,NULL,NULL,NULL,NULL,NULL,NULL,NULL,NULL,NULL,NULL,NULL,NULL,NULL,NULL,NULL),(102,436,15,8.00,7.00,7.00,7.33,NULL,NULL,8.00,7.00,9.00,8.00,NULL,NULL,NULL,NULL,NULL,NULL,NULL,NULL,NULL,NULL,NULL,NULL,NULL,NULL,NULL,NULL,NULL,NULL),(103,437,15,10.00,10.00,10.00,10.00,NULL,NULL,8.00,7.00,9.00,8.00,NULL,NULL,NULL,NULL,NULL,NULL,NULL,NULL,NULL,NULL,NULL,NULL,NULL,NULL,NULL,NULL,NULL,NULL),(104,438,15,9.00,9.00,9.00,9.00,NULL,NULL,8.00,7.00,9.00,8.00,NULL,NULL,NULL,NULL,NULL,NULL,NULL,NULL,NULL,NULL,NULL,NULL,NULL,NULL,NULL,NULL,NULL,NULL),(105,439,15,10.00,10.00,10.00,10.00,NULL,NULL,8.00,7.00,9.00,8.00,NULL,NULL,NULL,NULL,NULL,NULL,NULL,NULL,NULL,NULL,NULL,NULL,NULL,NULL,NULL,NULL,NULL,NULL),(106,440,15,7.00,7.00,7.00,7.00,NULL,NULL,8.00,7.00,9.00,8.00,NULL,NULL,NULL,NULL,NULL,NULL,NULL,NULL,NULL,NULL,NULL,NULL,NULL,NULL,NULL,NULL,NULL,NULL),(107,441,15,9.00,9.00,9.00,9.00,NULL,NULL,8.00,7.00,9.00,8.00,NULL,NULL,NULL,NULL,NULL,NULL,NULL,NULL,NULL,NULL,NULL,NULL,NULL,NULL,NULL,NULL,NULL,NULL),(108,442,15,7.00,7.00,7.00,7.00,NULL,NULL,8.00,7.00,9.00,8.00,NULL,NULL,NULL,NULL,NULL,NULL,NULL,NULL,NULL,NULL,NULL,NULL,NULL,NULL,NULL,NULL,NULL,NULL),(109,443,15,10.00,10.00,10.00,10.00,NULL,NULL,8.00,7.00,9.00,8.00,NULL,NULL,NULL,NULL,NULL,NULL,NULL,NULL,NULL,NULL,NULL,NULL,NULL,NULL,NULL,NULL,NULL,NULL),(110,444,15,10.00,9.00,9.00,9.33,NULL,NULL,8.00,7.00,9.00,8.00,NULL,NULL,NULL,NULL,NULL,NULL,NULL,NULL,NULL,NULL,NULL,NULL,NULL,NULL,NULL,NULL,NULL,NULL),(111,445,15,10.00,9.00,9.00,9.33,NULL,NULL,8.00,7.00,9.00,8.00,NULL,NULL,NULL,NULL,NULL,NULL,NULL,NULL,NULL,NULL,NULL,NULL,NULL,NULL,NULL,NULL,NULL,NULL);
/*!40000 ALTER TABLE `notas` ENABLE KEYS */;
UNLOCK TABLES;

--
-- Table structure for table `perfis`
--

DROP TABLE IF EXISTS `perfis`;
/*!40101 SET @saved_cs_client     = @@character_set_client */;
/*!50503 SET character_set_client = utf8mb4 */;
CREATE TABLE `perfis` (
  `id` int NOT NULL AUTO_INCREMENT,
  `nome` varchar(50) NOT NULL,
  PRIMARY KEY (`id`)
) ENGINE=InnoDB AUTO_INCREMENT=4 DEFAULT CHARSET=utf8mb4 COLLATE=utf8mb4_0900_ai_ci;
/*!40101 SET character_set_client = @saved_cs_client */;

--
-- Dumping data for table `perfis`
--

LOCK TABLES `perfis` WRITE;
/*!40000 ALTER TABLE `perfis` DISABLE KEYS */;
INSERT INTO `perfis` VALUES (1,'ADMINISTRADOR'),(2,'COORDENADOR'),(3,'PROFESSOR');
/*!40000 ALTER TABLE `perfis` ENABLE KEYS */;
UNLOCK TABLES;

--
-- Table structure for table `professor_turma`
--

DROP TABLE IF EXISTS `professor_turma`;
/*!40101 SET @saved_cs_client     = @@character_set_client */;
/*!50503 SET character_set_client = utf8mb4 */;
CREATE TABLE `professor_turma` (
  `id` int NOT NULL AUTO_INCREMENT,
  `professor_id` int NOT NULL,
  `turma_id` int NOT NULL,
  `disciplina_id` int NOT NULL,
  PRIMARY KEY (`id`),
  KEY `professor_id` (`professor_id`),
  KEY `turma_id` (`turma_id`),
  KEY `disciplina_id` (`disciplina_id`),
  CONSTRAINT `professor_turma_ibfk_1` FOREIGN KEY (`professor_id`) REFERENCES `professores` (`id`),
  CONSTRAINT `professor_turma_ibfk_2` FOREIGN KEY (`turma_id`) REFERENCES `turmas` (`id`),
  CONSTRAINT `professor_turma_ibfk_3` FOREIGN KEY (`disciplina_id`) REFERENCES `disciplinas` (`id`)
) ENGINE=InnoDB AUTO_INCREMENT=2 DEFAULT CHARSET=utf8mb4 COLLATE=utf8mb4_0900_ai_ci;
/*!40101 SET character_set_client = @saved_cs_client */;

--
-- Dumping data for table `professor_turma`
--

LOCK TABLES `professor_turma` WRITE;
/*!40000 ALTER TABLE `professor_turma` DISABLE KEYS */;
INSERT INTO `professor_turma` VALUES (1,2,3,2);
/*!40000 ALTER TABLE `professor_turma` ENABLE KEYS */;
UNLOCK TABLES;

--
-- Table structure for table `professor_turma_disciplina`
--

DROP TABLE IF EXISTS `professor_turma_disciplina`;
/*!40101 SET @saved_cs_client     = @@character_set_client */;
/*!50503 SET character_set_client = utf8mb4 */;
CREATE TABLE `professor_turma_disciplina` (
  `id` int NOT NULL AUTO_INCREMENT,
  `professor_id` int NOT NULL,
  `turma_id` int NOT NULL,
  `disciplina_id` int NOT NULL,
  PRIMARY KEY (`id`),
  KEY `professor_id` (`professor_id`),
  KEY `turma_id` (`turma_id`),
  KEY `disciplina_id` (`disciplina_id`),
  CONSTRAINT `professor_turma_disciplina_ibfk_1` FOREIGN KEY (`professor_id`) REFERENCES `professores` (`id`),
  CONSTRAINT `professor_turma_disciplina_ibfk_2` FOREIGN KEY (`turma_id`) REFERENCES `turmas` (`id`),
  CONSTRAINT `professor_turma_disciplina_ibfk_3` FOREIGN KEY (`disciplina_id`) REFERENCES `disciplinas` (`id`)
) ENGINE=InnoDB AUTO_INCREMENT=2 DEFAULT CHARSET=utf8mb4 COLLATE=utf8mb4_0900_ai_ci;
/*!40101 SET character_set_client = @saved_cs_client */;

--
-- Dumping data for table `professor_turma_disciplina`
--

LOCK TABLES `professor_turma_disciplina` WRITE;
/*!40000 ALTER TABLE `professor_turma_disciplina` DISABLE KEYS */;
INSERT INTO `professor_turma_disciplina` VALUES (1,2,3,2);
/*!40000 ALTER TABLE `professor_turma_disciplina` ENABLE KEYS */;
UNLOCK TABLES;

--
-- Table structure for table `professores`
--

DROP TABLE IF EXISTS `professores`;
/*!40101 SET @saved_cs_client     = @@character_set_client */;
/*!50503 SET character_set_client = utf8mb4 */;
CREATE TABLE `professores` (
  `id` int NOT NULL AUTO_INCREMENT,
  `usuario_id` int DEFAULT NULL,
  `nome` varchar(150) NOT NULL,
  `email` varchar(150) DEFAULT NULL,
  `telefone` varchar(20) DEFAULT NULL,
  `especialidade` varchar(100) DEFAULT NULL,
  `ativo` tinyint(1) DEFAULT '1',
  `created_at` timestamp NULL DEFAULT CURRENT_TIMESTAMP,
  PRIMARY KEY (`id`),
  KEY `usuario_id` (`usuario_id`),
  CONSTRAINT `professores_ibfk_1` FOREIGN KEY (`usuario_id`) REFERENCES `usuarios` (`id`)
) ENGINE=InnoDB AUTO_INCREMENT=4 DEFAULT CHARSET=utf8mb4 COLLATE=utf8mb4_0900_ai_ci;
/*!40101 SET character_set_client = @saved_cs_client */;

--
-- Dumping data for table `professores`
--

LOCK TABLES `professores` WRITE;
/*!40000 ALTER TABLE `professores` DISABLE KEYS */;
INSERT INTO `professores` VALUES (2,2,'Felipe Neto','felipe.neto@sistemafiepe.org.br','81998180991','DEV',1,'2026-06-05 14:11:36'),(3,NULL,'Diogo Monteiro','diogo.monteiro@sistemafiepe.org.br','81995651782','Geografia',1,'2026-06-09 16:11:26');
/*!40000 ALTER TABLE `professores` ENABLE KEYS */;
UNLOCK TABLES;

--
-- Table structure for table `turma_disciplina`
--

DROP TABLE IF EXISTS `turma_disciplina`;
/*!40101 SET @saved_cs_client     = @@character_set_client */;
/*!50503 SET character_set_client = utf8mb4 */;
CREATE TABLE `turma_disciplina` (
  `id` int NOT NULL AUTO_INCREMENT,
  `turma_id` int NOT NULL,
  `disciplina_id` int NOT NULL,
  PRIMARY KEY (`id`),
  KEY `turma_id` (`turma_id`),
  KEY `disciplina_id` (`disciplina_id`),
  CONSTRAINT `turma_disciplina_ibfk_1` FOREIGN KEY (`turma_id`) REFERENCES `turmas` (`id`),
  CONSTRAINT `turma_disciplina_ibfk_2` FOREIGN KEY (`disciplina_id`) REFERENCES `disciplinas` (`id`)
) ENGINE=InnoDB AUTO_INCREMENT=11 DEFAULT CHARSET=utf8mb4 COLLATE=utf8mb4_0900_ai_ci;
/*!40101 SET character_set_client = @saved_cs_client */;

--
-- Dumping data for table `turma_disciplina`
--

LOCK TABLES `turma_disciplina` WRITE;
/*!40000 ALTER TABLE `turma_disciplina` DISABLE KEYS */;
INSERT INTO `turma_disciplina` VALUES (1,3,1),(2,3,2),(3,3,3),(4,3,4),(5,3,5),(6,3,6),(7,3,7),(8,3,8),(9,3,9),(10,3,10);
/*!40000 ALTER TABLE `turma_disciplina` ENABLE KEYS */;
UNLOCK TABLES;

--
-- Table structure for table `turmas`
--

DROP TABLE IF EXISTS `turmas`;
/*!40101 SET @saved_cs_client     = @@character_set_client */;
/*!50503 SET character_set_client = utf8mb4 */;
CREATE TABLE `turmas` (
  `id` int NOT NULL AUTO_INCREMENT,
  `nome` varchar(50) NOT NULL,
  `turno` varchar(30) DEFAULT NULL,
  `ano_letivo_id` int DEFAULT NULL,
  PRIMARY KEY (`id`),
  KEY `ano_letivo_id` (`ano_letivo_id`),
  CONSTRAINT `turmas_ibfk_1` FOREIGN KEY (`ano_letivo_id`) REFERENCES `anos_letivos` (`id`)
) ENGINE=InnoDB AUTO_INCREMENT=22 DEFAULT CHARSET=utf8mb4 COLLATE=utf8mb4_0900_ai_ci;
/*!40101 SET character_set_client = @saved_cs_client */;

--
-- Dumping data for table `turmas`
--

LOCK TABLES `turmas` WRITE;
/*!40000 ALTER TABLE `turmas` DISABLE KEYS */;
INSERT INTO `turmas` VALUES (3,'5º Ano A','Manhã',1),(4,'6º ANO A','Manhã',1),(5,'6º ANO B','Manhã',1),(6,'7º ANO A','Manhã',1),(7,'7º ANO B','Manhã',1),(8,'8º ANO A','Manhã',1),(9,'8º ANO B','Manhã',1),(10,'9º ANO A','Manhã',1),(11,'9º ANO B','Manhã',1),(12,'1ª SÉRIE A','Tarde',1),(13,'1ª SÉRIE B','Tarde',1),(14,'1ª SÉRIE C','Tarde',1),(15,'2ª SÉRIE A','Tarde',1),(16,'2ª SÉRIE B','Tarde',1),(17,'2ª SÉRIE C','Tarde',1),(18,'3ª SÉRIE A','Tarde',1),(19,'3ª SÉRIE  B','Tarde',1);
/*!40000 ALTER TABLE `turmas` ENABLE KEYS */;
UNLOCK TABLES;

--
-- Table structure for table `usuarios`
--

DROP TABLE IF EXISTS `usuarios`;
/*!40101 SET @saved_cs_client     = @@character_set_client */;
/*!50503 SET character_set_client = utf8mb4 */;
CREATE TABLE `usuarios` (
  `id` int NOT NULL AUTO_INCREMENT,
  `nome` varchar(150) NOT NULL,
  `email` varchar(150) NOT NULL,
  `senha` varchar(255) NOT NULL,
  `perfil_id` int NOT NULL,
  `ativo` tinyint(1) DEFAULT '1',
  `created_at` timestamp NULL DEFAULT CURRENT_TIMESTAMP,
  PRIMARY KEY (`id`),
  UNIQUE KEY `email` (`email`),
  KEY `perfil_id` (`perfil_id`),
  CONSTRAINT `usuarios_ibfk_1` FOREIGN KEY (`perfil_id`) REFERENCES `perfis` (`id`)
) ENGINE=InnoDB AUTO_INCREMENT=3 DEFAULT CHARSET=utf8mb4 COLLATE=utf8mb4_0900_ai_ci;
/*!40101 SET character_set_client = @saved_cs_client */;

--
-- Dumping data for table `usuarios`
--

LOCK TABLES `usuarios` WRITE;
/*!40000 ALTER TABLE `usuarios` DISABLE KEYS */;
INSERT INTO `usuarios` VALUES (1,'Administrador','admin@idetep.com.br','$2b$10$t3/e1fE1fnIX72UesH.zBOPJCUo4siDASspcZrsJ59dqAoixd6tqm',1,1,'2026-06-04 17:11:31'),(2,'felipeneto','felipe.neto@sistemafiepe.org.br',' $2b$10$Rw2Am1tIBGQxuUAoPRxShul8x9m71siI2I0crBT0RzZ1tP25n2RBe',3,1,'2026-06-12 19:11:27');
/*!40000 ALTER TABLE `usuarios` ENABLE KEYS */;
UNLOCK TABLES;
/*!40103 SET TIME_ZONE=@OLD_TIME_ZONE */;

/*!40101 SET SQL_MODE=@OLD_SQL_MODE */;
/*!40014 SET FOREIGN_KEY_CHECKS=@OLD_FOREIGN_KEY_CHECKS */;
/*!40014 SET UNIQUE_CHECKS=@OLD_UNIQUE_CHECKS */;
/*!40101 SET CHARACTER_SET_CLIENT=@OLD_CHARACTER_SET_CLIENT */;
/*!40101 SET CHARACTER_SET_RESULTS=@OLD_CHARACTER_SET_RESULTS */;
/*!40101 SET COLLATION_CONNECTION=@OLD_COLLATION_CONNECTION */;
/*!40111 SET SQL_NOTES=@OLD_SQL_NOTES */;

-- Dump completed on 2026-06-14  9:40:16
